{"cameraMode":{"drawMode":0,"name":"Shaded","section":"Shading Mode"},"sceneLighting":false,"audioPlay":false,"sceneViewState":{"m_AlwaysRefresh":false,"showFog":true,"showSkybox":false,"showFlares":true,"showImageEffects":true,"showParticleSystems":true,"showVisualEffectGraphs":true,"m_FxEnabled":true},"in2DMode":false,"pivot":{"x":4.827254295349121,"y":2.7191784381866457,"z":3.2909700870513918},"rotation":{"x":0.020930742844939233,"y":-0.9775289297103882,"z":0.11787129938602448,"w":0.17364050447940827},"size":2.107821464538574,"orthographic":false}