{"cameraMode":{"drawMode":0,"name":"Shaded","section":"Shading Mode"},"sceneLighting":false,"audioPlay":false,"sceneViewState":{"m_AlwaysRefresh":false,"showFog":true,"showSkybox":true,"showFlares":true,"showImageEffects":true,"showParticleSystems":true,"showVisualEffectGraphs":true,"m_FxEnabled":true},"in2DMode":false,"pivot":{"x":0.8177500367164612,"y":-13.777920722961426,"z":6.449356555938721},"rotation":{"x":0.5366060137748718,"y":0.03668460622429848,"z":-0.023351294919848443,"w":0.8427324295043945},"size":8.784924507141114,"orthographic":false}