{"cameraMode":{"drawMode":0,"name":"Shaded","section":"Shading Mode"},"sceneLighting":false,"audioPlay":false,"sceneViewState":{"m_AlwaysRefresh":false,"showFog":true,"showSkybox":false,"showFlares":true,"showImageEffects":true,"showParticleSystems":true,"showVisualEffectGraphs":true,"m_FxEnabled":true},"in2DMode":false,"pivot":{"x":2.0078582763671877,"y":-0.14207029342651368,"z":-1.2192754745483399},"rotation":{"x":0.053091131150722507,"y":0.9121860861778259,"z":-0.1252926141023636,"w":0.3865235149860382},"size":6.014127254486084,"orthographic":false}